domain,cc,cf_class_T0a,cf_class_T2,T0b,T1
android.com.pl,pl,cf_proxied,cf_proxied,-,-
bps.org.uk,uk,cf_proxied,cf_proxied,-,-
klimatex.cz,cz,cf_proxied,cf_proxied,-,-
masoprofit.cz,cz,no_cf,cf_proxied,-,-
relayed.cz,cz,cf_dns_only,cf_proxied,-,-
sportisimo.at,at,cf_proxied,cf_proxied,-,-
sportisimo.cz,cz,cf_proxied,cf_proxied,-,-
sportisimo.sk,sk,cf_proxied,cf_proxied,-,-
sportisimopro.cz,cz,cf_proxied,cf_proxied,-,-
topkody.cz,cz,cf_proxied,cf_proxied,-,-
tostadora.it,it,cf_proxied,cf_proxied,-,-
weltfussball.at,at,cf_proxied,cf_proxied,-,-
